base_probe,base_probe_sum_corr,removed_probe,removed_probe_sum_corr,correlation
cg16510440,303.79617,cg15610170,299.44662,0.94028705
cg16510440,303.79617,cg03477080,252.15233,-0.7615663
cg16510440,303.79617,cg03832509,267.58145,0.7400646
cg16510440,303.79617,cg02133287,257.51477,0.72568417
cg18388475,293.35468,cg21602257,270.44864,0.78212285
cg01661001,292.95276,cg07884637,267.70724,0.7066878
cg01661001,292.95276,cg19213703,242.98145,0.70643795
cg01661001,292.95276,cg26196416,236.94214,0.70002174
cg01661001,292.95276,cg00904548,274.7306,0.8278155
