base_probe,base_probe_sum_corr,removed_probe,removed_probe_sum_corr,correlation
cg15364874,316.94263,cg12372258,298.30984,0.7653407
cg15364874,316.94263,cg11223184,311.0853,0.9041368
cg16348535,298.0626,cg17038693,267.11777,0.7092224
cg16348535,298.0626,cg00744433,244.01572,0.7546342
cg15019661,290.71097,cg12300582,274.9462,0.70032907
cg23667267,285.8162,cg21649569,273.09665,0.71518564
cg02807227,269.1463,cg17866428,259.69385,0.7135202
cg08116738,263.43192,cg04737087,248.7747,0.7038233
