base_probe,base_probe_sum_corr,removed_probe,removed_probe_sum_corr,correlation
cg08643005,334.6814,cg09111071,312.281,0.7529667
cg05404847,331.48132,cg06884314,294.3003,0.70727146
cg05404847,331.48132,cg24557917,326.5712,0.9607089
cg09683533,297.2406,cg17753124,294.9336,0.8380523
cg11159919,237.98946,cg10248357,197.30037,0.73532206
