base_probe,base_probe_sum_corr,removed_probe,removed_probe_sum_corr,correlation
cg15364874,59.986458,cg02416873,52.83755,0.70427835
cg15364874,59.986458,cg21464724,52.662106,-0.8004256
cg15364874,59.986458,cg20442269,52.642944,0.84525
cg15364874,59.986458,cg10643972,49.875935,0.78044754
cg15364874,59.986458,cg11630384,49.37978,0.8426586
cg15364874,59.986458,cg24345497,51.157536,0.9167519
cg15364874,59.986458,cg00850552,41.074867,0.73922515
cg15364874,59.986458,cg14083707,45.28875,0.77716386
