base_probe,base_probe_sum_corr,removed_probe,removed_probe_sum_corr,correlation
cg19938167,422.3045,cg11559967,412.40607,0.89378166
cg13500499,406.10098,cg06963223,400.2525,0.717864
cg05775451,387.9829,cg17487553,350.5978,0.73458505
cg20652681,385.8049,cg03304880,326.30487,0.75448805
cg00838561,384.83765,cg12613632,330.37732,0.7101631
cg00838561,384.83765,cg08229087,368.26102,0.70731133
cg00838561,384.83765,cg18446895,321.3829,0.7258929
cg00838561,384.83765,cg11573238,300.42114,0.7060568
cg17519011,232.01555,cg18389630,194.47899,0.81887704
