base_probe,base_probe_sum_corr,removed_probe,removed_probe_sum_corr,correlation
cg04390341,236.61313,cg05937316,215.30959,-0.70450157
cg15783933,233.96582,cg23745346,196.37706,0.71375054
cg20375654,228.69466,cg06455624,214.79716,-0.7051888
cg20375654,228.69466,cg12806049,187.01886,-0.7180347
cg20375654,228.69466,cg26349299,223.66069,0.9283283
cg20375654,228.69466,cg18885766,187.79124,-0.72604835
cg25356419,208.61317,cg05754907,202.44127,0.70238364
cg23068312,181.09624,cg11070478,160.40521,0.7208068
