base_probe,base_probe_sum_corr,removed_probe,removed_probe_sum_corr,correlation
cg02891208,255.30426,cg16305018,254.79002,0.94247085
cg08755283,248.41586,cg21077384,240.19905,0.8083552
cg25358294,245.26334,cg04310491,236.83382,0.7907659
